PLAYER_NAME,TEAM_ABBREVIATION,SEASON,PTS,NEXT_SEASON_PTS,PREDICTED_NEXT_SEASON_PTS,ERROR,ABS_ERROR,LOWER_CONFIDENCE_RANGE,UPPER_CONFIDENCE_RANGE,AGE,GP,MIN,USG_PCT,TS_PCT,TEAM_PACE,TEAM_OFF_RATING
Bismack Biyombo,OKC,2023-24,174,144.0,143.49825,0.5017547607421875,0.5017547607421875,-75.122055,362.11853,31.0,40,791.4616666666667,0.106,0.562,100.85,118.3
Alex Len,SAC,2023-24,120,74.0,73.37493,0.6250686645507812,0.6250686645507812,-145.24536,291.99524,31.0,48,444.245,0.114,0.625,99.46,116.2
Tyrese Haliburton,IND,2023-24,1389,1359.0,1358.1439,0.8560791015625,0.8560791015625,1139.5237,1576.7642,24.0,69,2223.5383333333334,0.239,0.605,102.16,120.5
Miles Bridges,CHA,2023-24,1449,1300.0,1299.0332,0.966796875,0.966796875,1080.4128,1517.6536,26.0,69,2581.116666666667,0.242,0.556,97.81,108.6
CJ McCollum,NOP,2023-24,1322,1183.0,1185.6907,-2.690673828125,2.690673828125,967.0704,1404.311,32.0,66,2158.536666666667,0.244,0.592,98.7,116.5
Mikal Bridges,BKN,2023-24,1606,1444.0,1440.8116,3.1883544921875,3.1883544921875,1222.1914,1659.4319,27.0,82,2854.24,0.238,0.56,97.56,112.4
Jae'Sean Tate,HOU,2023-24,265,188.0,192.2509,-4.2509002685546875,4.2509002685546875,-26.3694,410.87122,28.0,65,1031.4566666666667,0.115,0.538,99.59,113.7
Shake Milton,NYK,2023-24,216,315.0,319.61398,-4.613983154296875,4.613983154296875,100.99368,538.23425,27.0,48,581.16,0.173,0.499,95.96,117.3
Mason Plumlee,LAC,2023-24,244,333.0,338.86368,-5.863677978515625,5.863677978515625,120.24338,557.484,34.0,46,673.9266666666666,0.147,0.621,97.93,117.9
Orlando Robinson,MIA,2023-24,99,303.0,308.99487,-5.994873046875,5.994873046875,90.37457,527.6152,23.0,36,303.69,0.143,0.596,96.88,113.3
Daniel Gafford,DAL,2023-24,814,701.0,693.6615,7.3385009765625,7.3385009765625,475.0412,912.2818,25.0,74,1814.355,0.145,0.731,100.6,117.0
Damian Lillard,MIL,2023-24,1775,1447.0,1456.9658,-9.9658203125,9.9658203125,1238.3455,1675.5862,33.0,73,2578.4283333333333,0.274,0.59,100.51,117.6
Malik Monk,SAC,2023-24,1110,1117.0,1106.7405,10.259521484375,10.259521484375,888.1202,1325.3608,26.0,72,1872.3066666666666,0.247,0.564,99.46,116.2
Nikola Vučević,CHI,2023-24,1370,1349.0,1338.3408,10.6591796875,10.6591796875,1119.7205,1556.9612,33.0,76,2609.5016666666666,0.233,0.54,96.94,114.0
Al Horford,BOS,2023-24,562,538.0,548.784,-10.78399658203125,10.78399658203125,330.1637,767.4043,38.0,65,1739.7966666666666,0.119,0.65,97.98,122.2
Josh Okogie,PHX,2023-24,277,283.0,270.2875,12.712493896484375,12.712493896484375,51.667206,488.9078,25.0,60,959.715,0.125,0.552,99.0,116.8
Blake Wesley,SAS,2023-24,268,217.0,203.796,13.203994750976562,13.203994750976562,-14.824295,422.41632,21.0,61,875.925,0.144,0.537,101.8,109.3
Jaden Hardy,DAL,2023-24,530,496.0,482.60324,13.396759033203125,13.396759033203125,263.98294,701.2235,21.0,73,989.2133333333334,0.238,0.517,100.6,117.0
RJ Barrett,TOR,2023-24,1170,1223.0,1237.7511,-14.7510986328125,14.7510986328125,1019.1308,1456.3713,24.0,58,1838.1333333333334,0.257,0.58,99.91,111.8
Tristan Thompson,CLE,2023-24,161,69.0,85.51447,-16.51447296142578,16.51447296142578,-133.10583,304.13477,33.0,49,548.9166666666666,0.132,0.567,97.62,114.7
Franz Wagner,ORL,2023-24,1421,1449.0,1465.8209,-16.8209228515625,16.8209228515625,1247.2007,1684.4412,22.0,72,2337.4166666666665,0.25,0.575,97.37,112.9
Jabari Walker,POR,2023-24,638,313.0,330.113,-17.113006591796875,17.113006591796875,111.49271,548.7333,21.0,72,1700.5733333333333,0.159,0.546,97.88,107.6
Dalen Terry,CHI,2023-24,180,326.0,343.20706,-17.207061767578125,17.207061767578125,124.58676,561.8274,21.0,59,680.71,0.127,0.512,96.94,114.0
Wendell Carter Jr.,ORL,2023-24,603,618.0,600.06366,17.93634033203125,17.93634033203125,381.44336,818.68396,25.0,55,1406.3033333333333,0.172,0.623,97.37,112.9
Talen Horton-Tucker,UTA,2023-24,516,379.0,397.0636,-18.0635986328125,18.0635986328125,178.4433,615.6839,23.0,51,1008.6983333333334,0.234,0.503,100.26,114.5
Anthony Gill,WAS,2023-24,189,129.0,110.33616,18.663841247558594,18.663841247558594,-108.28414,328.95645,31.0,50,466.49666666666667,0.177,0.537,103.07,110.2
A.J. Lawson,DAL,2023-24,136,236.0,255.15637,-19.1563720703125,19.1563720703125,36.53607,473.77667,23.0,42,310.9,0.18,0.519,100.6,117.0
Bam Adebayo,MIA,2023-24,1367,1410.0,1388.8835,21.116455078125,21.116455078125,1170.2632,1607.5039,26.0,71,2416.4733333333334,0.247,0.576,96.88,113.3
Jalen Brunson,NYK,2023-24,2212,1690.0,1712.3837,-22.3836669921875,22.3836669921875,1493.7634,1931.0039,27.0,77,2726.3033333333333,0.311,0.592,95.96,117.3
Jake LaRavia,MEM,2023-24,379,458.0,432.93616,25.0638427734375,25.0638427734375,214.31586,651.55646,22.0,35,805.55,0.201,0.54,98.68,106.8
Mike Conley,MIN,2023-24,869,582.0,608.4185,-26.41851806640625,26.41851806640625,389.79822,827.0388,36.0,76,2193.4583333333335,0.157,0.627,97.79,114.6
Gary Trent Jr.,TOR,2023-24,974,824.0,797.47125,26.52874755859375,26.52874755859375,578.85095,1016.09155,25.0,71,1993.5983333333334,0.195,0.548,99.91,111.8
Maxi Kleber,DAL,2023-24,191,103.0,132.46216,-29.462158203125,29.462158203125,-86.15814,351.08246,32.0,43,871.4116666666666,0.096,0.573,100.6,117.0
Neemias Queta,BOS,2023-24,154,310.0,279.07526,30.92474365234375,30.92474365234375,60.454956,497.69556,24.0,28,333.21666666666664,0.16,0.662,97.98,122.2
Miles McBride,NYK,2023-24,562,611.0,642.84534,-31.8453369140625,31.8453369140625,424.22504,861.46564,23.0,68,1327.74,0.164,0.59,95.96,117.3
Donovan Mitchell,CLE,2023-24,1463,1701.0,1667.9594,33.0406494140625,33.0406494140625,1449.3391,1886.5796,27.0,55,1942.65,0.301,0.595,97.62,114.7
Drew Eubanks,PHX,2023-24,379,280.0,313.56262,-33.5626220703125,33.5626220703125,94.94232,532.1829,27.0,75,1168.705,0.129,0.645,99.0,116.8
Grayson Allen,PHX,2023-24,1014,680.0,646.23444,33.76556396484375,33.76556396484375,427.61414,864.85474,28.0,75,2513.3,0.143,0.679,99.0,116.8
Isaiah Stewart,DET,2023-24,503,435.0,469.7215,-34.72149658203125,34.72149658203125,251.1012,688.3418,23.0,46,1422.8166666666666,0.143,0.6,100.45,109.0
Peyton Watson,DEN,2023-24,532,551.0,585.9684,-34.9683837890625,34.9683837890625,367.34808,804.5887,21.0,80,1487.8366666666666,0.16,0.539,97.43,117.8
Cameron Payne,PHI,2023-24,578,500.0,464.60712,35.39288330078125,35.39288330078125,245.98682,683.2274,29.0,78,1304.0766666666666,0.185,0.566,98.17,116.2
Terance Mann,LAC,2023-24,658,517.0,553.1971,-36.19708251953125,36.19708251953125,334.57678,771.8174,27.0,75,1872.8916666666667,0.135,0.615,97.93,117.9
Scottie Barnes,TOR,2023-24,1191,1252.0,1213.4862,38.5137939453125,38.5137939453125,994.8659,1432.1064,22.0,60,2094.2483333333334,0.24,0.566,99.91,111.8
Bol Bol,PHX,2023-24,223,244.0,282.69565,-38.695648193359375,38.695648193359375,64.07535,501.31595,24.0,43,469.0283333333333,0.156,0.7,99.0,116.8
Killian Hayes,DET,2023-24,289,54.0,93.162994,-39.162994384765625,39.162994384765625,-125.457306,311.7833,22.0,42,1007.6583333333333,0.147,0.474,100.45,109.0
Kevon Looney,GSW,2023-24,334,344.0,304.77182,39.228179931640625,39.228179931640625,86.15152,523.3921,28.0,74,1194.4283333333333,0.11,0.62,99.91,116.9
Devin Vassell,SAS,2023-24,1323,1041.0,999.3897,41.61029052734375,41.61029052734375,780.7694,1218.01,23.0,68,2247.7433333333333,0.229,0.578,101.8,109.3
T.J. McConnell,IND,2023-24,727,720.0,762.7019,-42.701904296875,42.701904296875,544.0816,981.3222,32.0,71,1290.9766666666667,0.229,0.586,102.16,120.5
Monte Morris,MIN,2023-24,164,233.0,190.12987,42.87013244628906,42.87013244628906,-28.490433,408.75018,29.0,33,476.04333333333335,0.151,0.508,97.79,114.6
Anthony Davis,LAL,2023-24,1876,1261.0,1210.755,50.2449951171875,50.2449951171875,992.1347,1429.3752,31.0,76,2700.2433333333333,0.261,0.621,101.38,115.4
Spencer Dinwiddie,LAL,2023-24,795,872.0,820.43896,51.56103515625,51.56103515625,601.81866,1039.0593,31.0,76,2152.4083333333333,0.161,0.543,101.38,115.4
Josh Giddey,OKC,2023-24,986,1022.0,1074.5994,-52.599365234375,52.599365234375,855.97906,1293.2197,21.0,80,2011.5583333333334,0.223,0.547,100.85,118.3
Patty Mills,MIA,2023-24,127,111.0,57.614407,53.38559341430664,53.38559341430664,-161.00589,276.2347,35.0,32,415.315,0.152,0.467,96.88,113.3
Chuma Okeke,ORL,2023-24,107,53.0,108.04815,-55.04814910888672,55.04814910888672,-110.57215,326.66846,25.0,47,431.73,0.131,0.465,97.37,112.9
Matisse Thybulle,POR,2023-24,354,112.0,167.92024,-55.92024230957031,55.92024230957031,-50.700058,386.54053,27.0,65,1487.3833333333334,0.105,0.537,97.88,107.6
Julius Randle,NYK,2023-24,1102,1288.0,1346.197,-58.197021484375,58.197021484375,1127.5767,1564.8174,29.0,46,1630.095,0.287,0.569,95.96,117.3
Kelly Oubre Jr.,PHI,2023-24,1049,906.0,965.79614,-59.796142578125,59.796142578125,747.17584,1184.4165,28.0,68,2055.32,0.22,0.535,98.17,116.2
Zeke Nnaji,DEN,2023-24,186,184.0,244.58803,-60.58802795410156,60.58802795410156,25.967728,463.2083,23.0,58,576.12,0.15,0.528,97.43,117.8
Taurean Prince,LAL,2023-24,697,656.0,595.3776,60.62237548828125,60.62237548828125,376.75732,813.9979,30.0,78,2107.6216666666664,0.134,0.579,101.38,115.4
Pascal Siakam,IND,2023-24,1737,1578.0,1641.6283,-63.6282958984375,63.6282958984375,1423.008,1860.2485,30.0,80,2657.8883333333333,0.25,0.601,102.16,120.5
Nikola Jović,MIA,2023-24,352,494.0,559.51263,-65.51263427734375,65.51263427734375,340.89233,778.13293,21.0,46,896.2366666666667,0.171,0.583,96.88,113.3
Myles Turner,IND,2023-24,1313,1120.0,1054.0432,65.956787109375,65.956787109375,835.4229,1272.6636,28.0,77,2076.4366666666665,0.234,0.626,102.16,120.5
Jonas Valančiūnas,NOP,2023-24,1002,843.0,909.821,-66.82098388671875,66.82098388671875,691.2007,1128.4413,32.0,82,1924.8316666666667,0.207,0.619,98.7,116.5
Pat Connaughton,MIL,2023-24,428,216.0,282.84897,-66.84896850585938,66.84896850585938,64.22867,501.46927,31.0,76,1676.28,0.106,0.574,100.51,117.6
P.J. Washington,DAL,2023-24,939,836.0,903.21625,-67.21624755859375,67.21624755859375,684.59595,1121.8365,25.0,73,2220.6783333333333,0.185,0.537,100.6,117.0
Nicolas Batum,PHI,2023-24,320,313.0,244.61598,68.38401794433594,68.38401794433594,25.995682,463.23627,35.0,60,1529.5866666666666,0.085,0.603,98.17,116.2
Jonathan Isaac,ORL,2023-24,393,380.0,448.51828,-68.51828002929688,68.51828002929688,229.89798,667.13855,26.0,58,914.61,0.16,0.61,97.37,112.9
Jeremy Sochan,SAS,2023-24,861,617.0,686.24866,-69.2486572265625,69.2486572265625,467.62836,904.86896,21.0,74,2193.095,0.187,0.513,101.8,109.3
Isaiah Joe,OKC,2023-24,636,756.0,685.09424,70.90576171875,70.90576171875,466.47394,903.71454,24.0,78,1444.8666666666666,0.157,0.626,100.85,118.3
Johnny Davis,WAS,2023-24,152,80.0,8.437259,71.56274127960205,71.56274127960205,-210.18304,227.05756,22.0,50,613.48,0.117,0.462,103.07,110.2
Moses Moody,GSW,2023-24,533,724.0,651.6806,72.31939697265625,72.31939697265625,433.0603,870.3009,22.0,66,1155.885,0.176,0.578,99.91,116.9
Larry Nance Jr.,NOP,2023-24,350,203.0,275.7607,-72.76071166992188,72.76071166992188,57.14041,494.381,31.0,61,1216.1383333333333,0.112,0.653,98.7,116.5
Rui Hachimura,LAL,2023-24,923,775.0,849.284,-74.28399658203125,74.28399658203125,630.6637,1067.9043,26.0,68,1825.4933333333333,0.182,0.628,101.38,115.4
Jevon Carter,CHI,2023-24,357,153.0,228.19127,-75.19126892089844,75.19126892089844,9.570969,446.81158,28.0,72,1003.6016666666667,0.168,0.485,96.94,114.0
Nic Claxton,BKN,2023-24,841,724.0,801.4607,-77.460693359375,77.460693359375,582.8404,1020.081,25.0,71,2115.6633333333334,0.156,0.629,97.56,112.4
Tim Hardaway Jr.,DAL,2023-24,1139,844.0,921.7524,-77.75238037109375,77.75238037109375,703.1321,1140.3727,32.0,79,2120.3283333333334,0.22,0.542,100.6,117.0
Day'Ron Sharpe,BKN,2023-24,415,397.0,474.8724,-77.87240600585938,77.87240600585938,256.2521,693.4927,22.0,61,920.575,0.185,0.596,97.56,112.4
Torrey Craig,CHI,2023-24,303,108.0,187.0532,-79.05320739746094,79.05320739746094,-31.567093,405.67352,33.0,53,1048.6016666666667,0.121,0.568,96.94,114.0
DeAndre Jordan,DEN,2023-24,142,209.0,127.44832,81.55168151855469,81.55168151855469,-91.17198,346.0686,35.0,36,395.71666666666664,0.147,0.61,97.43,117.8
John Konchar,MEM,2023-24,235,112.0,195.10654,-83.10653686523438,83.10653686523438,-23.513763,413.72684,28.0,55,1173.5733333333333,0.096,0.537,98.68,106.8
Buddy Hield,PHI,2023-24,1013,912.0,828.60205,83.39794921875,83.39794921875,609.98175,1047.2224,31.0,84,2159.8883333333333,0.186,0.578,98.17,116.2
Delon Wright,MIA,2023-24,210,125.0,208.73006,-83.73005676269531,83.73005676269531,-9.890244,427.35034,32.0,47,741.5666666666667,0.127,0.505,96.88,113.3
Josh Green,DAL,2023-24,469,506.0,590.11633,-84.1163330078125,84.1163330078125,371.49603,808.73663,23.0,57,1504.72,0.129,0.588,100.6,117.0
Klay Thompson,GSW,2023-24,1375,1005.0,1089.3579,-84.35791015625,84.35791015625,870.7376,1307.9783,34.0,77,2284.1683333333335,0.234,0.576,99.91,116.9
Kyle Anderson,MIN,2023-24,506,357.0,441.4049,-84.4049072265625,84.4049072265625,222.7846,660.0252,30.0,79,1781.8816666666667,0.14,0.513,97.79,114.6
Dean Wade,CLE,2023-24,291,320.0,235.51332,84.48667907714844,84.48667907714844,16.89302,454.1336,27.0,54,1108.08,0.101,0.598,97.62,114.7
Naz Reid,MIN,2023-24,1090,1138.0,1053.0825,84.91748046875,84.91748046875,834.4622,1271.7029,24.0,81,1963.8283333333334,0.223,0.595,97.79,114.6
Tre Mann,CHA,2023-24,382,183.0,268.9937,-85.99371337890625,85.99371337890625,50.373413,487.614,23.0,41,987.0983333333334,0.183,0.559,97.81,108.6
Patrick Williams,CHI,2023-24,429,566.0,655.03986,-89.03985595703125,89.03985595703125,436.41956,873.66016,22.0,43,1174.085,0.163,0.553,96.94,114.0
Caleb Houstan,ORL,2023-24,253,239.0,328.82153,-89.821533203125,89.821533203125,110.20123,547.44183,21.0,59,815.335,0.122,0.582,97.37,112.9
Precious Achiuwa,NYK,2023-24,565,379.0,471.10645,-92.1064453125,92.1064453125,252.48615,689.72675,24.0,74,1623.7533333333333,0.158,0.545,95.96,117.3
Jordan Goodwin,MEM,2023-24,368,161.0,254.772,-93.77200317382812,93.77200317382812,36.151703,473.3923,25.0,57,1055.77,0.182,0.451,98.68,106.8
Jock Landale,HOU,2023-24,274,200.0,295.2849,-95.284912109375,95.284912109375,76.66461,513.9052,28.0,56,763.46,0.139,0.584,99.59,113.7
Jaxson Hayes,LAL,2023-24,303,383.0,286.42404,96.57595825195312,96.57595825195312,67.80374,505.04434,24.0,70,877.1333333333333,0.121,0.718,101.38,115.4
Thomas Bryant,MIA,2023-24,217,429.0,330.23737,98.76263427734375,98.76263427734375,111.617065,548.85767,26.0,38,441.365,0.187,0.639,96.88,113.3
Trey Lyles,SAC,2023-24,419,451.0,349.77954,101.220458984375,101.220458984375,131.15924,568.39984,28.0,58,1158.2183333333332,0.139,0.596,99.46,116.2
JT Thor,CHA,2023-24,199,71.0,172.99005,-101.99005126953125,101.99005126953125,-45.63025,391.61035,21.0,63,780.6266666666667,0.113,0.519,97.81,108.6
Garrison Mathews,ATL,2023-24,325,353.0,250.94719,102.05281066894531,102.05281066894531,32.32689,469.5675,27.0,66,992.1216666666667,0.11,0.665,100.84,116.4
Kentavious Caldwell-Pope,DEN,2023-24,766,673.0,776.0752,-103.0751953125,103.0751953125,557.4549,994.6955,31.0,76,2401.7566666666667,0.126,0.602,97.43,117.8
Richaun Holmes,WAS,2023-24,199,230.0,126.40614,103.59385681152344,103.59385681152344,-92.21416,345.02643,30.0,40,554.11,0.141,0.593,103.07,110.2
Jusuf Nurkić,PHX,2023-24,829,453.0,556.96643,-103.9664306640625,103.9664306640625,338.34613,775.58673,29.0,76,2078.035,0.187,0.559,99.0,116.8
Jaylin Williams,OKC,2023-24,276,278.0,382.1778,-104.17779541015625,104.17779541015625,163.5575,600.7981,22.0,69,896.9466666666667,0.133,0.561,100.85,118.3
Caris LeVert,CLE,2023-24,952,776.0,884.27277,-108.27276611328125,108.27276611328125,665.65247,1102.8931,29.0,68,1958.0833333333333,0.224,0.524,97.62,114.7
Justin Minaya,POR,2023-24,61,18.0,126.47707,-108.4770736694336,108.4770736694336,-92.14323,345.09738,25.0,34,380.98333333333335,0.093,0.391,97.88,107.6
Bradley Beal,PHX,2023-24,964,902.0,1011.0523,-109.05230712890625,109.05230712890625,792.432,1229.6726,31.0,53,1766.7333333333333,0.224,0.607,99.0,116.8
Patrick Baldwin Jr.,WAS,2023-24,168,53.0,162.10457,-109.10456848144531,109.10456848144531,-56.51573,380.72485,21.0,38,493.5083333333333,0.153,0.502,103.07,110.2
Nickeil Alexander-Walker,MIN,2023-24,655,773.0,663.29144,109.70855712890625,109.70855712890625,444.67114,881.91174,25.0,82,1920.9183333333333,0.143,0.578,97.79,114.6
Matt Ryan,NOP,2023-24,152,28.0,137.90936,-109.90936279296875,109.90936279296875,-80.71094,356.52966,27.0,28,390.385,0.144,0.638,98.7,116.5
Luguentz Dort,OKC,2023-24,860,719.0,830.04285,-111.0428466796875,111.0428466796875,611.42255,1048.6631,25.0,79,2245.971666666667,0.152,0.593,100.85,118.3
Andre Drummond,CHI,2023-24,663,293.0,404.9008,-111.90078735351562,111.90078735351562,186.28049,623.5211,30.0,79,1351.2516666666668,0.201,0.576,96.94,114.0
Dennis Schröder,BKN,2023-24,1122,980.0,864.35443,115.64556884765625,115.64556884765625,645.73413,1082.9747,30.0,80,2485.945,0.202,0.55,97.56,112.4
MarJon Beauchamp,MIL,2023-24,211,79.0,194.80803,-115.80802917480469,115.80802917480469,-23.812271,413.42834,23.0,48,607.6883333333334,0.141,0.592,100.51,117.6
KJ Martin,PHI,2023-24,224,274.0,390.34842,-116.34841918945312,116.34841918945312,171.72812,608.96875,23.0,60,746.495,0.127,0.563,98.17,116.2
Jaylen Brown,BOS,2023-24,1610,1398.0,1515.1328,-117.1328125,117.1328125,1296.5125,1733.7532,27.0,70,2342.5216666666665,0.283,0.58,97.98,122.2
Coby White,CHI,2023-24,1509,1509.0,1390.5331,118.4669189453125,118.4669189453125,1171.9128,1609.1533,24.0,79,2881.3566666666666,0.224,0.57,96.94,114.0
Simone Fontecchio,DET,2023-24,692,446.0,565.96704,-119.967041015625,119.967041015625,347.34674,784.58734,28.0,66,1643.8933333333334,0.159,0.6,100.45,109.0
Andrew Nembhard,IND,2023-24,626,653.0,773.91754,-120.91754150390625,120.91754150390625,555.29724,992.53784,24.0,68,1696.685,0.161,0.573,102.16,120.5
Ousmane Dieng,OKC,2023-24,133,142.0,265.4267,-123.42669677734375,123.42669677734375,46.806396,484.047,21.0,33,364.9533333333333,0.167,0.54,100.85,118.3
Trendon Watford,BKN,2023-24,432,450.0,575.05835,-125.058349609375,125.058349609375,356.43805,793.67865,23.0,63,856.52,0.203,0.611,97.56,112.4
Jericho Sims,NYK,2023-24,92,98.0,225.15079,-127.15078735351562,127.15078735351562,6.530487,443.7711,25.0,45,584.7833333333333,0.06,0.702,95.96,117.3
AJ Green,MIL,2023-24,252,541.0,410.7216,130.27841186523438,130.27841186523438,192.10129,629.3419,24.0,56,614.2816666666666,0.15,0.617,100.51,117.6
Jrue Holiday,BOS,2023-24,860,686.0,816.3511,-130.35107421875,130.35107421875,597.7308,1034.9714,34.0,69,2263.278333333333,0.161,0.597,97.98,122.2
Draymond Green,GSW,2023-24,475,613.0,482.04968,130.9503173828125,130.9503173828125,263.42938,700.67,34.0,55,1490.1833333333334,0.148,0.587,99.91,116.9
Doug McDermott,IND,2023-24,351,147.0,278.36407,-131.36407470703125,131.36407470703125,59.743774,496.98438,32.0,64,904.4783333333334,0.144,0.6,102.16,120.5
P.J. Tucker,LAC,2023-24,52,9.0,141.78864,-132.78863525390625,132.78863525390625,-76.831665,360.40894,39.0,31,486.31333333333333,0.052,0.507,97.93,117.9
Stanley Umude,DET,2023-24,127,15.0,148.59991,-133.59991455078125,133.59991455078125,-70.020386,367.2202,25.0,24,307.12166666666667,0.15,0.647,100.45,109.0
Clint Capela,ATL,2023-24,836,488.0,622.66693,-134.66693115234375,134.66693115234375,404.04663,841.28723,30.0,73,1883.0866666666666,0.167,0.59,100.84,116.4
Jeff Green,HOU,2023-24,509,172.0,306.87766,-134.87765502929688,134.87765502929688,88.257355,525.4979,37.0,78,1307.3383333333334,0.152,0.59,99.59,113.7
Rudy Gobert,MIN,2023-24,1061,866.0,1001.0004,-135.00042724609375,135.00042724609375,782.3801,1219.6207,32.0,76,2593.1133333333332,0.152,0.675,97.79,114.6
Keldon Johnson,SAS,2023-24,1084,979.0,1114.9844,-135.984375,135.984375,896.3641,1333.6047,24.0,69,2038.3616666666667,0.212,0.565,101.8,109.3
Jalen Smith,IND,2023-24,601,524.0,661.3554,-137.35540771484375,137.35540771484375,442.7351,879.9757,24.0,61,1046.625,0.187,0.682,102.16,120.5
Dominick Barlow,SAS,2023-24,144,148.0,287.22723,-139.22723388671875,139.22723388671875,68.60693,505.84753,21.0,33,419.54,0.139,0.548,101.8,109.3
Kelly Olynyk,TOR,2023-24,762,384.0,523.8896,-139.88958740234375,139.88958740234375,305.2693,742.5099,33.0,78,1758.73,0.171,0.661,99.91,111.8
Aaron Holiday,HOU,2023-24,514,340.0,480.98062,-140.98062133789062,140.98062133789062,262.36032,699.60095,27.0,78,1269.2966666666666,0.158,0.578,99.59,113.7
Corey Kispert,WAS,2023-24,1070,705.0,846.8016,-141.80157470703125,141.80157470703125,628.1813,1065.4219,25.0,80,2067.435,0.191,0.62,103.07,110.2
Kenrich Williams,OKC,2023-24,325,436.0,293.8238,142.17620849609375,142.17620849609375,75.20349,512.4441,29.0,69,1029.0066666666667,0.132,0.568,100.85,118.3
Kevin Huerter,SAC,2023-24,655,681.0,824.5951,-143.5950927734375,143.5950927734375,605.9748,1043.2153,25.0,64,1562.2266666666667,0.173,0.564,99.46,116.2
David Roddy,PHX,2023-24,425,153.0,297.33444,-144.33444213867188,144.33444213867188,78.71414,515.9547,23.0,65,1176.9816666666666,0.177,0.484,99.0,116.8
Jalen Duren,DET,2023-24,841,918.0,769.50757,148.492431640625,148.492431640625,550.88727,988.12787,20.0,61,1777.4816666666666,0.181,0.653,100.45,109.0
Alex Caruso,CHI,2023-24,715,382.0,532.27905,-150.279052734375,150.279052734375,313.65875,750.89935,30.0,71,2040.3433333333332,0.146,0.613,96.94,114.0
Jayson Tatum,BOS,2023-24,1987,1932.0,1781.4269,150.5731201171875,150.5731201171875,1562.8066,2000.0471,26.0,74,2645.213333333333,0.296,0.604,97.98,122.2
Landry Shamet,WAS,2023-24,327,286.0,135.25433,150.74566650390625,150.74566650390625,-83.36597,353.87463,27.0,46,726.4966666666667,0.181,0.556,103.07,110.2
Dwight Powell,DAL,2023-24,208,114.0,264.96628,-150.96627807617188,150.96627807617188,46.345978,483.58658,32.0,63,836.3033333333333,0.087,0.716,100.6,117.0
Bryce McGowens,CHA,2023-24,302,13.0,165.14873,-152.1487274169922,152.1487274169922,-53.471573,383.76904,21.0,59,881.595,0.147,0.565,97.81,108.6
Josh Richardson,MIA,2023-24,425,32.0,184.36478,-152.36477661132812,152.36477661132812,-34.255524,402.98508,30.0,43,1102.83,0.159,0.573,96.88,113.3
Chris Duarte,SAC,2023-24,230,36.0,188.38136,-152.38136291503906,152.38136291503906,-30.238937,407.00165,27.0,59,719.5183333333333,0.146,0.512,99.46,116.2
Deni Avdija,WAS,2023-24,1102,1219.0,1065.599,153.4010009765625,153.4010009765625,846.9787,1284.2192,23.0,75,2256.6433333333334,0.196,0.597,103.07,110.2
Jaden McDaniels,MIN,2023-24,757,1000.0,846.24713,153.75286865234375,153.75286865234375,627.62683,1064.8674,23.0,72,2105.4533333333334,0.156,0.571,97.79,114.6
Jaren Jackson Jr.,MEM,2023-24,1486,1641.0,1487.0973,153.9027099609375,153.9027099609375,1268.477,1705.7175,24.0,66,2124.18,0.302,0.553,98.68,106.8
Jordan McLaughlin,MIN,2023-24,195,98.0,253.40009,-155.40008544921875,155.40008544921875,34.779785,472.0204,28.0,56,626.12,0.119,0.638,97.79,114.6
Desmond Bane,MEM,2023-24,997,1327.0,1171.0593,155.940673828125,155.940673828125,952.439,1389.6797,26.0,42,1442.8483333333334,0.273,0.589,98.68,106.8
Goga Bitadze,ORL,2023-24,311,502.0,341.74448,160.25552368164062,160.25552368164062,123.124176,560.36475,24.0,62,957.0866666666667,0.129,0.629,97.37,112.9
Jalen Green,HOU,2023-24,1610,1723.0,1562.559,160.4410400390625,160.4410400390625,1343.9387,1781.1792,22.0,82,2601.3816666666667,0.27,0.541,99.59,113.7
Sam Merrill,CLE,2023-24,485,509.0,346.15536,162.84463500976562,162.84463500976562,127.535065,564.77563,28.0,61,1068.9183333333333,0.17,0.598,97.62,114.7
Harrison Barnes,SAC,2023-24,1000,1011.0,847.3372,163.66278076171875,163.66278076171875,628.7169,1065.9575,32.0,82,2380.87,0.154,0.611,99.46,116.2
Dalano Banton,POR,2023-24,557,559.0,394.2869,164.71310424804688,164.71310424804688,175.6666,612.9072,24.0,54,1046.8466666666666,0.25,0.504,97.88,107.6
Vít Krejčí,ATL,2023-24,135,412.0,246.7577,165.24229431152344,165.24229431152344,28.137405,465.378,24.0,22,541.32,0.098,0.633,100.84,116.4
Tobias Harris,PHI,2023-24,1204,1002.0,1167.4296,-165.4295654296875,165.4295654296875,948.80927,1386.0498,31.0,70,2367.78,0.203,0.576,98.17,116.2
Keegan Murray,SAC,2023-24,1172,942.0,1107.8253,-165.8253173828125,165.8253173828125,889.205,1326.4456,23.0,77,2588.5666666666666,0.178,0.569,99.46,116.2
Sam Hauser,BOS,2023-24,712,605.0,774.04144,-169.04144287109375,169.04144287109375,555.42114,992.66174,26.0,79,1740.585,0.146,0.629,97.98,122.2
Mitchell Robinson,NYK,2023-24,173,87.0,256.2064,-169.20639038085938,169.20639038085938,37.58609,474.8267,26.0,31,768.11,0.099,0.554,95.96,117.3
Stephen Curry,GSW,2023-24,1956,1718.0,1548.2828,169.7171630859375,169.7171630859375,1329.6626,1766.9031,36.0,74,2421.5383333333334,0.302,0.616,99.91,116.9
John Collins,UTA,2023-24,1027,758.0,928.4101,-170.41009521484375,170.41009521484375,709.7898,1147.0304,26.0,68,1901.06,0.199,0.621,100.26,114.5
Aaron Gordon,DEN,2023-24,1013,748.0,922.8139,-174.81390380859375,174.81390380859375,704.1936,1141.4342,28.0,73,2296.81,0.174,0.607,97.43,117.8
Trey Murphy III,NOP,2023-24,842,1124.0,945.8749,178.1251220703125,178.1251220703125,727.2546,1164.4951,24.0,57,1690.265,0.182,0.612,98.7,116.5
DeMar DeRozan,CHI,2023-24,1897,1710.0,1531.8202,178.1798095703125,178.1798095703125,1313.2,1750.4404,34.0,79,2988.568333333333,0.252,0.584,96.94,114.0
Obi Toppin,IND,2023-24,843,833.0,653.7352,179.2647705078125,179.2647705078125,435.11493,872.3555,26.0,82,1730.6016666666667,0.16,0.677,102.16,120.5
Caleb Martin,MIA,2023-24,640,356.0,537.30023,-181.30023193359375,181.30023193359375,318.67993,755.92053,28.0,64,1756.5533333333333,0.168,0.531,96.88,113.3
Kevin Knox II,POR,2023-24,223,46.0,227.49458,-181.4945831298828,181.4945831298828,8.874283,446.11487,24.0,31,560.2333333333333,0.157,0.57,97.88,107.6
Alec Burks,NYK,2023-24,689,356.0,537.91956,-181.9195556640625,181.9195556640625,319.29926,756.53986,32.0,66,1211.545,0.234,0.536,95.96,117.3
Luke Kennard,MEM,2023-24,429,576.0,393.17935,182.82064819335938,182.82064819335938,174.55905,611.7997,28.0,39,999.0466666666666,0.166,0.641,98.68,106.8
Anthony Edwards,MIN,2023-24,2049,2177.0,1994.0875,182.9124755859375,182.9124755859375,1775.4673,2212.7078,22.0,79,2770.383333333333,0.314,0.575,97.79,114.6
Khris Middleton,MIL,2023-24,828,440.0,623.4658,-183.4658203125,183.4658203125,404.84552,842.0861,32.0,55,1487.27,0.23,0.595,100.51,117.6
Jalen McDaniels,TOR,2023-24,169,0.0,183.7609,-183.76089477539062,183.76089477539062,-34.859406,402.3812,26.0,50,538.0066666666667,0.179,0.412,99.91,111.8
De'Andre Hunter,ATL,2023-24,891,1088.0,903.59357,184.40643310546875,184.40643310546875,684.97327,1122.2139,26.0,57,1681.0933333333332,0.204,0.595,100.84,116.4
Jalen Williams,OKC,2023-24,1355,1490.0,1304.2874,185.712646484375,185.712646484375,1085.667,1522.9077,23.0,71,2223.5983333333334,0.232,0.621,100.85,118.3
Jarrett Allen,CLE,2023-24,1271,1103.0,1290.3912,-187.3912353515625,187.3912353515625,1071.771,1509.0115,26.0,77,2442.0616666666665,0.191,0.664,97.62,114.7
Jarred Vanderbilt,LAL,2023-24,150,147.0,336.01804,-189.01803588867188,189.01803588867188,117.397736,554.6383,25.0,29,581.2366666666667,0.111,0.578,101.38,115.4
Santi Aldama,MEM,2023-24,654,811.0,618.5286,192.47137451171875,192.47137451171875,399.90833,837.1489,23.0,61,1618.0566666666666,0.177,0.539,98.68,106.8
Bones Hyland,LAC,2023-24,256,149.0,341.99994,-192.99993896484375,192.99993896484375,123.37964,560.62024,23.0,37,540.21,0.241,0.49,97.93,117.9
Daniel Theis,LAC,2023-24,376,162.0,355.18915,-193.18914794921875,193.18914794921875,136.56885,573.80945,32.0,60,1014.84,0.15,0.597,97.93,117.9
Jae Crowder,MIL,2023-24,312,23.0,216.49338,-193.49337768554688,193.49337768554688,-2.1269226,435.11368,33.0,50,1155.6983333333333,0.113,0.546,100.51,117.6
Dillon Brooks,HOU,2023-24,915,1053.0,858.3231,194.6768798828125,194.6768798828125,639.7028,1076.9434,28.0,72,2226.7383333333332,0.176,0.549,99.59,113.7
Cam Reddish,LAL,2023-24,260,105.0,299.83264,-194.8326416015625,194.8326416015625,81.21234,518.45294,24.0,48,984.0616666666666,0.123,0.504,101.38,115.4
Domantas Sabonis,SAC,2023-24,1593,1337.0,1535.2847,-198.28466796875,198.28466796875,1316.6643,1753.905,28.0,82,2928.0216666666665,0.22,0.637,99.46,116.2
Jamal Murray,DEN,2023-24,1250,1436.0,1237.0405,198.95947265625,198.95947265625,1018.4202,1455.6609,27.0,59,1861.37,0.273,0.586,97.43,117.8
Svi Mykhailiuk,BOS,2023-24,162,334.0,130.7291,203.27090454101562,203.27090454101562,-87.891205,349.3494,27.0,41,413.16333333333336,0.156,0.575,97.98,122.2
Markelle Fultz,ORL,2023-24,335,61.0,264.66388,-203.66387939453125,203.66387939453125,46.04358,483.28418,26.0,43,909.9383333333334,0.182,0.492,97.37,112.9
Kyle Lowry,PHI,2023-24,487,138.0,345.3361,-207.33609008789062,207.33609008789062,126.71579,563.9564,38.0,60,1689.7666666666667,0.128,0.594,98.17,116.2
Alperen Sengun,HOU,2023-24,1331,1451.0,1242.903,208.0970458984375,208.0970458984375,1024.2827,1461.5232,21.0,63,2045.635,0.27,0.585,99.59,113.7
Bruno Fernando,ATL,2023-24,282,58.0,266.871,-208.87100219726562,208.87100219726562,48.2507,485.4913,25.0,45,682.3033333333333,0.172,0.615,100.84,116.4
Devin Booker,PHX,2023-24,1841,1923.0,1712.2062,210.7938232421875,210.7938232421875,1493.5859,1930.8264,27.0,68,2446.6566666666668,0.289,0.611,99.0,116.8
Oshae Brissett,BOS,2023-24,201,52.0,263.96054,-211.96054077148438,211.96054077148438,45.34024,482.58084,26.0,55,630.165,0.136,0.53,97.98,122.2
Mo Bamba,PHI,2023-24,253,138.0,353.90366,-215.90365600585938,215.90365600585938,135.28336,572.5239,26.0,57,740.3516666666667,0.149,0.575,98.17,116.2
Gary Payton II,GSW,2023-24,240,400.0,182.9605,217.0395050048828,217.0395050048828,-35.659805,401.5808,31.0,44,679.9,0.13,0.621,99.91,116.9
Austin Reaves,LAL,2023-24,1300,1475.0,1257.5299,217.4700927734375,217.4700927734375,1038.9097,1476.1501,26.0,82,2628.95,0.198,0.613,101.38,115.4
Jordan Poole,WAS,2023-24,1356,1391.0,1172.1115,218.8885498046875,218.8885498046875,953.49115,1390.7317,25.0,78,2345.555,0.256,0.529,103.07,110.2
Malachi Flynn,DET,2023-24,380,16.0,236.8208,-220.82080078125,220.82080078125,18.2005,455.4411,26.0,69,876.9216666666666,0.199,0.533,100.45,109.0
Isaiah Hartenstein,NYK,2023-24,582,637.0,415.63025,221.3697509765625,221.3697509765625,197.00995,634.25055,26.0,75,1896.3483333333334,0.116,0.67,95.96,117.3
Chris Paul,GSW,2023-24,533,723.0,500.28665,222.71334838867188,222.71334838867188,281.66635,718.907,39.0,58,1530.89,0.154,0.544,99.91,116.9
Kyrie Irving,DAL,2023-24,1487,1234.0,1456.7965,-222.7965087890625,222.7965087890625,1238.1763,1675.4167,32.0,58,2029.6083333333333,0.274,0.608,100.6,117.0
Luke Kornet,BOS,2023-24,334,441.0,218.16234,222.83766174316406,222.83766174316406,-0.45796204,436.78265,28.0,63,983.31,0.107,0.736,97.98,122.2
LaMelo Ball,CHA,2023-24,526,1184.0,957.9915,226.00848388671875,226.00848388671875,739.3712,1176.6118,22.0,22,711.35,0.315,0.561,97.81,108.6
Giannis Antetokounmpo,MIL,2023-24,2222,2036.0,1809.1312,226.8687744140625,226.8687744140625,1590.511,2027.7515,29.0,73,2567.2433333333333,0.32,0.649,100.51,117.6
Zach Collins,SAS,2023-24,776,407.0,635.1209,-228.12091064453125,228.12091064453125,416.5006,853.7412,26.0,69,1525.7283333333332,0.224,0.565,101.8,109.3
Bennedict Mathurin,IND,2023-24,856,1156.0,927.6955,228.30450439453125,228.30450439453125,709.0752,1146.3158,22.0,59,1538.39,0.226,0.562,102.16,120.5
Cody Martin,CHA,2023-24,211,358.0,129.61047,228.3895263671875,228.3895263671875,-89.00983,348.23077,28.0,28,752.9916666666667,0.157,0.46,97.81,108.6
Davion Mitchell,SAC,2023-24,379,588.0,357.27966,230.7203369140625,230.7203369140625,138.65936,575.89996,25.0,72,1101.1,0.147,0.555,99.46,116.2
Keon Ellis,SAC,2023-24,310,666.0,434.1285,231.87149047851562,231.87149047851562,215.50821,652.7488,24.0,57,978.485,0.123,0.627,99.46,116.2
Walker Kessler,UTA,2023-24,518,641.0,405.6276,235.37240600585938,235.37240600585938,187.0073,624.2479,22.0,64,1493.1066666666666,0.127,0.663,100.26,114.5
Nick Richards,CHA,2023-24,652,529.0,291.39362,237.60638427734375,237.60638427734375,72.773315,510.01392,26.0,67,1758.7366666666667,0.131,0.717,97.81,108.6
Dorian Finney-Smith,BKN,2023-24,580,549.0,311.21802,237.781982421875,237.781982421875,92.59772,529.8383,31.0,68,1934.5933333333332,0.132,0.546,97.56,112.4
Gary Harris,ORL,2023-24,372,145.0,383.00418,-238.00418090820312,238.00418090820312,164.38388,601.6245,29.0,54,1297.3466666666666,0.114,0.587,97.37,112.9
Scotty Pippen Jr.,MEM,2023-24,271,779.0,540.5758,238.4241943359375,238.4241943359375,321.9555,759.1961,23.0,21,526.8283333333334,0.227,0.596,98.68,106.8
Fred VanVleet,HOU,2023-24,1270,844.0,1084.8761,-240.8760986328125,240.8760986328125,866.2558,1303.4963,30.0,73,2684.4266666666667,0.194,0.568,99.59,113.7
Lester Quinones,GSW,2023-24,164,86.0,326.87823,-240.87823486328125,240.87823486328125,108.257935,545.49854,23.0,37,394.455,0.171,0.533,99.91,116.9
Jalen Johnson,ATL,2023-24,896,680.0,926.8206,-246.82061767578125,246.82061767578125,708.2003,1145.4409,22.0,56,1888.8666666666666,0.184,0.584,100.84,116.4
Haywood Highsmith,MIA,2023-24,405,478.0,230.54308,247.45692443847656,247.45692443847656,11.922775,449.1634,27.0,66,1365.835,0.121,0.587,96.88,113.3
Jeremiah Robinson-Earl,NOP,2023-24,115,418.0,170.00027,247.99972534179688,247.99972534179688,-48.620026,388.62057,23.0,39,334.31333333333333,0.144,0.564,98.7,116.5
Jaden Springer,BOS,2023-24,163,109.0,357.5741,-248.5740966796875,248.5740966796875,138.9538,576.1944,21.0,49,506.995,0.167,0.49,97.98,122.2
James Wiseman,DET,2023-24,446,6.0,254.93703,-248.93702697753906,248.93702697753906,36.316727,473.5573,23.0,63,1091.0433333333333,0.158,0.637,100.45,109.0
Bruce Brown,TOR,2023-24,726,340.0,595.64374,-255.64373779296875,255.64373779296875,377.02344,814.26404,27.0,67,1865.3666666666666,0.161,0.563,99.91,111.8
Collin Sexton,UTA,2023-24,1458,1159.0,1417.227,-258.22705078125,258.22705078125,1198.6067,1635.8474,25.0,78,2074.7633333333333,0.267,0.607,100.26,114.5
Tari Eason,HOU,2023-24,215,686.0,427.0933,258.9067077636719,258.9067077636719,208.47299,645.7136,23.0,22,480.105,0.188,0.528,99.59,113.7
Jared Butler,WAS,2023-24,251,541.0,280.29514,260.7048645019531,260.7048645019531,61.674835,498.91544,23.0,40,565.6516666666666,0.194,0.579,103.07,110.2
Jakob Poeltl,TOR,2023-24,555,824.0,563.2579,260.74212646484375,260.74212646484375,344.63757,781.8782,28.0,50,1319.1083333333333,0.16,0.653,99.91,111.8
Max Strus,CLE,2023-24,853,471.0,732.40063,-261.400634765625,261.400634765625,513.78033,951.02094,28.0,70,2239.175,0.167,0.553,97.62,114.7
Jose Alvarado,NOP,2023-24,397,579.0,316.46896,262.5310363769531,262.5310363769531,97.84866,535.08923,26.0,56,1028.37,0.168,0.54,98.7,116.5
LeBron James,LAL,2023-24,1822,1710.0,1445.6265,264.37353515625,264.37353515625,1227.0061,1664.2468,39.0,71,2503.6833333333334,0.285,0.63,101.38,115.4
Georges Niang,CLE,2023-24,768,784.0,517.2284,266.7716064453125,266.7716064453125,298.6081,735.8487,31.0,82,1831.125,0.173,0.583,97.62,114.7
Kris Dunn,UTA,2023-24,357,474.0,205.88081,268.1191864013672,268.1191864013672,-12.739487,424.5011,30.0,66,1249.1766666666667,0.132,0.546,100.26,114.5
Marcus Smart,MEM,2023-24,289,305.0,575.1242,-270.12420654296875,270.12420654296875,356.5039,793.7445,30.0,20,604.845,0.225,0.552,98.68,106.8
OG Anunoby,NYK,2023-24,733,1332.0,1061.7557,270.2442626953125,270.2442626953125,843.13544,1280.376,26.0,50,1702.035,0.173,0.595,95.96,117.3
Andrew Wiggins,GSW,2023-24,939,1078.0,807.5544,270.44561767578125,270.44561767578125,588.9341,1026.1747,29.0,71,1920.4483333333333,0.206,0.544,99.91,116.9
Brook Lopez,MIL,2023-24,990,1041.0,768.9479,272.0521240234375,272.0521240234375,550.3276,987.5682,36.0,79,2411.1516666666666,0.156,0.608,100.51,117.6
Duncan Robinson,MIA,2023-24,875,817.0,538.8467,278.1533203125,278.1533203125,320.22638,757.467,30.0,68,1905.4483333333333,0.184,0.612,96.88,113.3
Joe Ingles,ORL,2023-24,296,15.0,294.08444,-279.0844421386719,279.0844421386719,75.46414,512.7047,36.0,68,1169.0316666666668,0.111,0.612,97.37,112.9
Kevin Durant,PHX,2023-24,2032,1647.0,1363.5168,283.483154296875,283.483154296875,1144.8965,1582.1372,35.0,75,2790.6366666666668,0.283,0.626,99.0,116.8
Jordan Clarkson,UTA,2023-24,942,600.0,884.7533,-284.7532958984375,284.7532958984375,666.133,1103.3735,32.0,55,1682.3416666666667,0.255,0.521,100.26,114.5
Josh Hart,NYK,2023-24,761,1051.0,763.7073,287.292724609375,287.292724609375,545.087,982.3276,29.0,81,2706.7716666666665,0.133,0.522,95.96,117.3
Anfernee Simons,POR,2023-24,1039,1348.0,1058.9238,289.076171875,289.076171875,840.3035,1277.5442,25.0,46,1581.7433333333333,0.276,0.568,97.88,107.6
Julian Champagnie,SAS,2023-24,504,815.0,523.2593,291.74072265625,291.74072265625,304.63898,741.8796,23.0,74,1467.875,0.14,0.57,101.8,109.3
Brandon Boston,LAC,2023-24,167,448.0,154.1323,293.8677062988281,293.8677062988281,-64.48801,372.7526,22.0,32,345.1716666666667,0.24,0.476,97.93,117.9
Chris Boucher,TOR,2023-24,322,502.0,204.96288,297.03712463378906,297.03712463378906,-13.657425,423.5832,31.0,50,704.8833333333333,0.167,0.625,99.91,111.8
Reggie Jackson,DEN,2023-24,833,136.0,434.2492,-298.24920654296875,298.24920654296875,215.6289,652.8695,34.0,82,1816.82,0.209,0.521,97.43,117.8
Seth Curry,CHA,2023-24,226,444.0,145.73839,298.26161193847656,298.26161193847656,-72.88191,364.3587,33.0,44,615.4133333333333,0.159,0.519,97.81,108.6
Michael Porter Jr.,DEN,2023-24,1356,1398.0,1094.7838,303.2161865234375,303.2161865234375,876.1635,1313.404,26.0,81,2564.605,0.202,0.601,97.43,117.8
Lauri Markkanen,UTA,2023-24,1278,892.0,1195.5603,-303.560302734375,303.560302734375,976.94,1414.1807,27.0,55,1819.7466666666667,0.241,0.631,100.26,114.5
Jalen Suggs,ORL,2023-24,943,567.0,871.78107,-304.78106689453125,304.78106689453125,653.16077,1090.4014,23.0,75,2024.59,0.191,0.602,97.37,112.9
Lamar Stevens,MEM,2023-24,272,74.0,379.75385,-305.75384521484375,305.75384521484375,161.13354,598.37415,26.0,38,559.0133333333333,0.213,0.516,98.68,106.8
Tyrese Maxey,PHI,2023-24,1816,1369.0,1679.1469,-310.1468505859375,310.1468505859375,1460.5266,1897.7671,23.0,70,2625.806666666667,0.273,0.573,98.17,116.2
Jabari Smith Jr.,HOU,2023-24,1044,698.0,1008.79205,-310.79205322265625,310.79205322265625,790.17175,1227.4124,21.0,76,2423.845,0.174,0.571,99.59,113.7
Paul Reed,PHI,2023-24,600,184.0,496.80362,-312.8036193847656,312.8036193847656,278.18332,715.42395,25.0,82,1589.5016666666668,0.156,0.58,98.17,116.2
Sandro Mamukelashvili,SAS,2023-24,190,385.0,71.93028,313.06971740722656,313.06971740722656,-146.69002,290.5506,25.0,46,450.9583333333333,0.169,0.559,101.8,109.3
Eric Gordon,PHX,2023-24,749,266.0,580.33856,-314.33856201171875,314.33856201171875,361.71826,798.95886,35.0,68,1892.63,0.162,0.58,99.0,116.8
Kevin Love,MIA,2023-24,485,122.0,442.1639,-320.1639099121094,320.1639099121094,223.54361,660.7842,35.0,55,924.2633333333333,0.21,0.597,96.88,113.3
Donte DiVincenzo,NYK,2023-24,1259,723.0,1044.0933,-321.09326171875,321.09326171875,825.47296,1262.7136,27.0,81,2360.3933333333334,0.209,0.597,95.96,117.3
Max Christie,LAL,2023-24,284,749.0,426.50488,322.4951171875,322.4951171875,207.88458,645.1252,21.0,67,944.3183333333334,0.132,0.544,101.38,115.4
Luka Dončić,DAL,2023-24,2370,1408.0,1731.6436,-323.6435546875,323.6435546875,1513.0232,1950.2639,25.0,70,2624.04,0.355,0.617,100.6,117.0
Derrick White,BOS,2023-24,1107,1248.0,920.95233,327.04766845703125,327.04766845703125,702.33203,1139.5726,29.0,73,2380.985,0.183,0.611,97.98,122.2
Moritz Wagner,ORL,2023-24,868,386.0,713.1322,-327.1322021484375,327.1322021484375,494.5119,931.7525,27.0,80,1414.7366666666667,0.22,0.676,97.37,112.9
Derrick Jones Jr.,DAL,2023-24,657,781.0,452.26855,328.7314453125,328.7314453125,233.64825,670.88885,27.0,76,1782.8566666666666,0.146,0.592,100.6,117.0
Cameron Johnson,BKN,2023-24,776,1070.0,740.43384,329.566162109375,329.566162109375,521.81354,959.05414,28.0,58,1599.0383333333334,0.19,0.582,97.56,112.4
Isaac Okoro,CLE,2023-24,647,337.0,669.6163,-332.61627197265625,332.61627197265625,450.99597,888.2366,23.0,69,1887.0566666666666,0.136,0.599,97.62,114.7
Kyle Kuzma,WAS,2023-24,1553,964.0,1297.04,-333.0400390625,333.0400390625,1078.4197,1515.6604,28.0,70,2281.141666666667,0.295,0.547,103.07,110.2
Ziaire Williams,MEM,2023-24,420,632.0,298.44638,333.5536193847656,333.5536193847656,79.82608,517.06665,22.0,51,1037.6816666666666,0.192,0.511,98.68,106.8
Xavier Tillman,BOS,2023-24,284,34.0,368.21042,-334.2104187011719,334.2104187011719,149.59012,586.8307,25.0,54,974.555,0.146,0.472,97.98,122.2
Royce O'Neale,PHX,2023-24,608,680.0,344.96774,335.0322570800781,335.0322570800781,126.34744,563.588,31.0,79,1954.2416666666666,0.134,0.548,99.0,116.8
Jimmy Butler III,MIA,2023-24,1246,964.0,1300.2438,-336.2437744140625,336.2437744140625,1081.6235,1518.864,34.0,60,2042.0583333333334,0.235,0.626,96.88,113.3
Dante Exum,DAL,2023-24,428,174.0,510.3426,-336.34259033203125,336.34259033203125,291.7223,728.9629,28.0,55,1087.6216666666667,0.148,0.645,100.6,117.0
Kristaps Porziņģis,BOS,2023-24,1145,818.0,1157.415,-339.4150390625,339.4150390625,938.79474,1376.0354,28.0,57,1689.9483333333333,0.247,0.647,97.98,122.2
Marvin Bagley III,WAS,2023-24,583,136.0,476.12732,-340.1273193359375,340.1273193359375,257.50702,694.7476,25.0,50,1053.3516666666667,0.204,0.629,103.07,110.2
Naji Marshall,NOP,2023-24,466,914.0,573.3777,340.622314453125,340.622314453125,354.7574,791.998,26.0,66,1257.1233333333332,0.158,0.576,98.7,116.5
Cole Anthony,ORL,2023-24,937,630.0,972.067,-342.0670166015625,342.0670166015625,753.4467,1190.6873,24.0,81,1817.3116666666667,0.232,0.545,97.37,112.9
Dario Saric,GSW,2023-24,515,56.0,400.6336,-344.63360595703125,344.63360595703125,182.0133,619.2539,30.0,64,1097.7516666666668,0.19,0.6,99.91,116.9
De'Aaron Fox,SAC,2023-24,1966,1459.0,1807.7639,-348.763916015625,348.763916015625,1589.1436,2026.3843,26.0,74,2658.7633333333333,0.3,0.567,99.46,116.2
Lonnie Walker IV,BKN,2023-24,565,247.0,596.0745,-349.07452392578125,349.07452392578125,377.45422,814.6948,25.0,58,1011.14,0.235,0.545,97.56,112.4
Ayo Dosunmu,CHI,2023-24,924,566.0,916.08167,-350.0816650390625,350.0816650390625,697.46136,1134.7019,24.0,76,2212.4683333333332,0.168,0.604,96.94,114.0
Johnny Juzang,UTA,2023-24,144,571.0,204.65567,366.3443298339844,366.3443298339844,-13.96463,423.27597,23.0,20,371.80333333333334,0.147,0.62,100.26,114.5
Bobby Portis,MIL,2023-24,1130,680.0,1048.8658,-368.8658447265625,368.8658447265625,830.24554,1267.4861,29.0,82,2008.1666666666667,0.224,0.581,100.51,117.6
Ochai Agbaji,TOR,2023-24,455,667.0,297.03943,369.9605712890625,369.9605712890625,78.41913,515.6597,24.0,78,1641.6116666666667,0.131,0.497,99.91,111.8
Russell Westbrook,LAC,2023-24,754,994.0,623.94867,370.05133056640625,370.05133056640625,405.32837,842.569,35.0,68,1528.8166666666666,0.239,0.514,97.93,117.9
Aaron Wiggins,OKC,2023-24,542,914.0,543.64624,370.353759765625,370.353759765625,325.02594,762.26654,25.0,78,1227.9383333333333,0.163,0.664,100.85,118.3
Tyus Jones,WAS,2023-24,790,829.0,452.41364,376.58636474609375,376.58636474609375,233.79333,671.03394,28.0,66,1932.6666666666667,0.161,0.578,103.07,110.2
Isaiah Jackson,IND,2023-24,383,35.0,414.2347,-379.2347106933594,379.2347106933594,195.61441,632.855,22.0,60,770.905,0.165,0.689,102.16,120.5
De'Anthony Melton,PHI,2023-24,421,62.0,443.80026,-381.8002624511719,381.8002624511719,225.17996,662.42053,26.0,38,1023.3316666666667,0.177,0.533,98.17,116.2
Nikola Jokić,DEN,2023-24,2085,2071.0,1687.5936,383.4063720703125,383.4063720703125,1468.9734,1906.2139,29.0,79,2736.5333333333333,0.288,0.65,97.43,117.8
Amir Coffey,LAC,2023-24,463,696.0,303.2228,392.7771911621094,392.7771911621094,84.60251,521.84314,27.0,70,1460.5966666666666,0.119,0.604,97.93,117.9
Terry Rozier,MIA,2023-24,1205,679.0,1072.46,-393.4599609375,393.4599609375,853.83966,1291.0803,30.0,61,2040.3816666666667,0.253,0.555,96.88,113.3
Aaron Nesmith,IND,2023-24,877,541.0,941.8619,-400.86187744140625,400.86187744140625,723.2416,1160.4822,24.0,72,1994.655,0.158,0.631,102.16,120.5
Bogdan Bogdanović,ATL,2023-24,1333,583.0,987.1943,-404.19427490234375,404.19427490234375,768.574,1205.8146,31.0,79,2401.4083333333333,0.218,0.569,100.84,116.4
Deandre Ayton,POR,2023-24,920,576.0,983.06354,-407.06353759765625,407.06353759765625,764.44324,1201.6838,25.0,55,1783.4983333333332,0.211,0.587,97.88,107.6
Vince Williams Jr.,MEM,2023-24,521,179.0,588.30383,-409.3038330078125,409.3038330078125,369.68353,806.92413,23.0,52,1436.53,0.155,0.597,98.68,106.8
Darius Garland,CLE,2023-24,1028,1544.0,1129.2762,414.7237548828125,414.7237548828125,910.65594,1347.8965,24.0,57,1900.4383333333333,0.249,0.56,97.62,114.7
Jerami Grant,POR,2023-24,1132,677.0,1110.9033,-433.9033203125,433.9033203125,892.283,1329.5237,30.0,54,1830.1866666666667,0.255,0.573,97.88,107.6
Malaki Branham,SAS,2023-24,690,235.0,689.02527,-454.0252685546875,454.0252685546875,470.40497,907.64557,21.0,75,1594.3266666666666,0.192,0.526,101.8,109.3
Tre Jones,SAS,2023-24,771,330.0,797.0875,-467.0875244140625,467.0875244140625,578.4672,1015.7078,24.0,77,2138.18,0.149,0.591,101.8,109.3
Malik Beasley,MIL,2023-24,889,1336.0,866.4163,469.58367919921875,469.58367919921875,647.796,1085.0366,27.0,79,2337.3716666666664,0.142,0.603,100.51,117.6
Malcolm Brogdon,POR,2023-24,613,305.0,785.1677,-480.167724609375,480.167724609375,566.5474,1003.788,31.0,39,1120.8166666666666,0.226,0.56,97.88,107.6
Payton Pritchard,BOS,2023-24,787,1144.0,651.53705,492.46295166015625,492.46295166015625,432.91675,870.15735,26.0,82,1825.7333333333333,0.168,0.597,97.98,122.2
Paolo Banchero,ORL,2023-24,1804,1191.0,1686.0013,-495.0013427734375,495.0013427734375,1467.3811,1904.6216,21.0,80,2798.701666666667,0.292,0.546,97.37,112.9
Karl-Anthony Towns,MIN,2023-24,1349,1759.0,1259.1149,499.8851318359375,499.8851318359375,1040.4946,1477.7351,28.0,62,2025.565,0.268,0.625,97.79,114.6
D'Angelo Russell,LAL,2023-24,1369,732.0,1236.0398,-504.039794921875,504.039794921875,1017.4195,1454.6602,28.0,76,2484.1283333333336,0.222,0.588,101.38,115.4
Onyeka Okongwu,ATL,2023-24,561,988.0,480.5449,507.4551086425781,507.4551086425781,261.9246,699.16516,23.0,55,1404.7366666666667,0.134,0.674,100.84,116.4
Evan Mobley,CLE,2023-24,785,1316.0,798.12823,517.8717651367188,517.8717651367188,579.50793,1016.74854,23.0,50,1532.35,0.2,0.626,97.62,114.7
Immanuel Quickley,TOR,2023-24,1156,564.0,1082.4011,-518.401123046875,518.401123046875,863.7808,1301.0215,25.0,68,1985.3366666666666,0.233,0.577,99.91,111.8
Norman Powell,LAC,2023-24,1056,1306.0,747.47375,558.5262451171875,558.5262451171875,528.85345,966.09406,31.0,76,1990.3783333333333,0.193,0.626,97.93,117.9
Jaden Ivey,DET,2023-24,1185,528.0,1113.9614,-585.96142578125,585.96142578125,895.3411,1332.5818,22.0,77,2217.4766666666665,0.244,0.536,100.45,109.0
Cade Cunningham,DET,2023-24,1405,1830.0,1242.1503,587.8497314453125,587.8497314453125,1023.52997,1460.7705,22.0,62,2074.225,0.298,0.546,100.45,109.0
Zion Williamson,NOP,2023-24,1601,737.0,1352.4487,-615.44873046875,615.44873046875,1133.8284,1571.0691,23.0,70,2206.923333333333,0.285,0.61,98.7,116.5
Jonathan Kuminga,GSW,2023-24,1188,719.0,1341.2119,-622.2119140625,622.2119140625,1122.5916,1559.8323,21.0,74,1949.5133333333333,0.237,0.598,99.91,116.9
Shaedon Sharpe,POR,2023-24,510,1335.0,712.37494,622.6250610351562,622.6250610351562,493.75464,930.99524,21.0,32,1059.0183333333334,0.22,0.524,97.88,107.6
Ivica Zubac,LAC,2023-24,794,1340.0,704.65027,635.3497314453125,635.3497314453125,486.02997,923.27057,27.0,68,1794.4483333333333,0.165,0.671,97.93,117.9
Grant Williams,CHA,2023-24,784,166.0,805.7549,-639.7548828125,639.7548828125,587.1346,1024.3752,25.0,76,2129.56,0.157,0.588,97.81,108.6
Trae Young,ATL,2023-24,1389,1841.0,1196.2429,644.757080078125,644.757080078125,977.6226,1414.8633,25.0,54,1941.7133333333334,0.289,0.585,100.84,116.4
Tyler Herro,MIA,2023-24,875,1840.0,1181.2189,658.7811279296875,658.7811279296875,962.5986,1399.8391,24.0,42,1407.105,0.268,0.558,96.88,113.3
Dyson Daniels,NOP,2023-24,354,1073.0,405.06503,667.9349670410156,667.9349670410156,186.44473,623.6853,21.0,61,1358.525,0.123,0.529,98.7,116.5
Christian Braun,DEN,2023-24,600,1218.0,540.7528,677.2471923828125,677.2471923828125,322.1325,759.3731,23.0,82,1655.565,0.152,0.554,97.43,117.8
Quentin Grimes,DET,2023-24,359,1092.0,401.3153,690.6846923828125,690.6846923828125,182.695,619.9356,24.0,51,1024.9433333333334,0.155,0.516,100.45,109.0
Cam Thomas,BKN,2023-24,1482,599.0,1304.3541,-705.3541259765625,705.3541259765625,1085.7339,1522.9744,22.0,66,2074.85,0.296,0.554,97.56,112.4
Paul George,LAC,2023-24,1671,665.0,1377.7388,-712.73876953125,712.73876953125,1159.1184,1596.3591,34.0,74,2501.766666666667,0.264,0.613,97.93,117.9
Kawhi Leonard,LAC,2023-24,1613,796.0,1528.169,-732.1689453125,732.1689453125,1309.5486,1746.7893,33.0,68,2330.04,0.261,0.626,97.93,117.9
Shai Gilgeous-Alexander,OKC,2023-24,2254,2484.0,1746.7455,737.2545166015625,737.2545166015625,1528.1252,1965.3657,25.0,75,2552.6866666666665,0.317,0.636,100.85,118.3
Herbert Jones,NOP,2023-24,837,205.0,960.73303,-755.7330322265625,755.7330322265625,742.11273,1179.3533,25.0,76,2321.4283333333333,0.141,0.636,98.7,116.5
Dejounte Murray,ATL,2023-24,1753,542.0,1298.4921,-756.4920654296875,756.4920654296875,1079.8718,1517.1123,27.0,78,2783.3433333333332,0.259,0.555,100.84,116.4
Zach LaVine,CHI,2023-24,487,1724.0,956.7793,767.220703125,767.220703125,738.159,1175.3997,29.0,25,871.8616666666667,0.238,0.578,96.94,114.0
James Harden,LAC,2023-24,1192,1802.0,956.6623,845.3377075195312,845.3377075195312,738.042,1175.2826,34.0,72,2469.6683333333335,0.202,0.612,97.93,117.9
Brandon Ingram,NOP,2023-24,1332,400.0,1535.0195,-1135.01953125,1135.01953125,1316.3992,1753.6399,26.0,64,2102.68,0.269,0.578,98.7,116.5
Joel Embiid,PHI,2023-24,1353,452.0,1762.176,-1310.176025390625,1310.176025390625,1543.5557,1980.7964,30.0,39,1309.3716666666667,0.387,0.644,98.17,116.2
